,val_loss,val_acc,loss,acc
0,0.6035046113861932,1.0,0.690876533155856,0.5280797101449275
1,0.7331020169787936,0.0,0.6894720434278682,0.5489130434782609
2,0.8262384335199991,0.0,0.6886921494767286,0.5498188405797102
3,0.6965153945816888,0.5243055555555556,0.6877333871696306,0.5434782608695652
4,0.7770041757159762,0.19444444444444445,0.6845079137795214,0.5486865942028986
5,0.8182091580496894,0.2638888888888889,0.6883494603362951,0.53125
6,0.7358318466406603,0.2653846153846154,0.6875836469125056,0.5557065217391305
